player_id,player_name,teams,position,season,games,minutes,points_per36,rebounds_per36,assists_per36,steals_per36,blocks_per36,three_attempts_per36
1966,LeBron James,LAL,SF,2023-24,71,2508.000000,26.153110,7.435407,8.454545,1.277512,0.545455,5.210526
2779,Chris Paul,GS,PG,2023-24,58,1533.000000,12.516634,5.283757,9.228963,1.643836,0.140900,4.931507
3012,Kyle Lowry,MIA/PHI,PG,2023-24,60,1691.000000,10.367830,4.130101,5.386162,1.256062,0.447073,5.322295
3195,Mike Conley,MIN,PG,2023-24,76,2191.000000,14.278412,3.581926,7.377453,1.445915,0.279325,6.654496
3202,Kevin Durant,PHX,PF,2023-24,75,2790.000000,26.219355,6.387097,4.877419,0.890323,1.174194,5.251613
3209,Jeff Green,HOU,PF,2023-24,78,1306.000000,14.030628,4.906585,1.929556,0.441041,0.854518,4.410413
3213,Al Horford,BOS,C,2023-24,65,1742.000000,11.614237,8.535017,3.471871,0.785304,1.281286,5.331803
3416,Nicolas Batum,LAC/PHI,PF,2023-24,59,1528.000000,7.539267,5.842932,3.015707,1.130890,0.895288,4.358639
3428,Danilo Gallinari,DET/MIL/WSH,PF,2023-24,49,633.000000,15.924171,6.142180,3.127962,0.796209,0.341232,5.289100
3431,Eric Gordon,PHX,SG,2023-24,68,1892.000000,14.251586,2.321353,2.644820,1.236786,0.570825,7.553911
3448,Brook Lopez,MIL,C,2023-24,79,2412.000000,14.776119,6.104478,1.895522,0.641791,2.820896,6.029851
3449,Kevin Love,MIA,PF,2023-24,55,926.000000,18.855292,13.140389,4.470842,0.699784,0.388769,9.485961
3468,Russell Westbrook,LAC,PG,2023-24,68,1526.000000,17.787680,8.091743,7.218873,1.745740,0.542595,3.633028
3593,Bojan Bogdanovic,DET/NY,SF,2023-24,57,1480.000000,21.113514,3.697297,2.359459,0.729730,0.121622,8.124324
3964,Patrick Beverley,MIL/PHI,PG,2023-24,73,1464.000000,11.090164,5.877049,5.213115,1.057377,0.762295,4.450820
3975,Stephen Curry,GS,PG,2023-24,74,2420.000000,29.097521,4.909091,5.638017,0.803306,0.416529,13.031405
3978,DeMar DeRozan,CHI,SF,2023-24,79,2995.000000,22.802003,4.086811,5.060434,1.081803,0.540902,2.704508
3992,James Harden,LAC,SG,2023-24,72,2469.000000,17.380316,5.380316,8.952612,1.122722,0.831106,7.115431
3995,Jrue Holiday,BOS,PG,2023-24,69,2265.000000,13.668874,5.928477,5.292715,0.969536,0.842384,5.117881
4249,Gordon Hayward,CHA/OKC,SF,2023-24,51,1247.000000,14.434643,5.225341,4.561347,1.154771,0.375301,2.598236
4251,Paul George,LAC,F,2023-24,74,2499.000000,24.072029,5.589436,3.774310,1.627851,0.533013,8.470588
4305,Ish Smith,CHA,PG,2023-24,43,740.000000,6.762162,3.697297,7.054054,0.827027,0.194595,0.389189
6426,Davis Bertans,CHA/OKC,SF,2023-24,41,675.000000,15.466667,3.253333,1.866667,1.386667,0.640000,10.666667
6427,Bismack Biyombo,MEM/OKC,C,2023-24,39,790.000000,7.929114,9.524051,2.415190,0.501266,1.686076,0.000000
6429,Alec Burks,DET/NY,SG,2023-24,66,1211.000000,20.482246,4.459125,2.616020,0.832370,0.356730,9.810074
6430,Jimmy Butler III,MIA,SF,2023-24,60,2042.000000,21.966699,5.606268,5.253673,1.392752,0.299706,2.556317
6440,Tobias Harris,PHI,F,2023-24,70,2371.000000,18.280894,6.878111,3.294812,1.062843,0.698439,3.917334
6442,Kyrie Irving,DAL,PG,2023-24,58,2029.000000,26.383440,5.145392,5.305076,1.312962,0.496796,7.469690
6443,Reggie Jackson,DEN,PG,2023-24,82,1819.000000,16.485981,3.067620,6.095657,0.870808,0.237493,5.620671
6450,Kawhi Leonard,LAC,SF,2023-24,68,2331.000000,24.911197,6.424710,3.768340,1.714286,0.911197,5.189189
6462,Marcus Morris Sr.,CLE/PHI,F,2023-24,49,817.000000,13.924113,5.904529,1.586291,0.660955,0.572827,5.243574
6474,Tristan Thompson,CLE,C,2023-24,49,554.000000,10.462094,11.306859,3.314079,0.779783,0.909747,0.064982
6475,Klay Thompson,GS,SG,2023-24,77,2283.000000,21.681997,4.005256,2.775296,0.788436,0.551905,10.911958
6477,Jonas Valanciunas,NO,C,2023-24,82,1928.000000,18.709544,13.462656,3.230290,0.616183,1.269710,2.240664
6478,Nikola Vucevic,CHI,C,2023-24,76,2612.000000,18.882083,11.039816,3.500766,0.689127,0.826953,4.313936
6578,Harrison Barnes,SAC,SF,2023-24,82,2381.000000,15.119698,3.764805,1.496850,0.816464,0.181436,5.821084
6580,Bradley Beal,PHX,SG,2023-24,53,1769.000000,19.617863,4.721311,5.392877,1.078575,0.549463,4.782363
6581,Jae Crowder,MIL,PF,2023-24,50,1156.000000,9.716263,5.013841,2.055363,1.183391,0.280277,5.169550
6583,Anthony Davis,LAL,PF,2023-24,76,2701.000000,25.004073,12.808589,3.545354,1.212884,2.372455,1.426138
6585,Andre Drummond,CHI,C,2023-24,79,1350.000000,17.680000,18.880000,0.986667,1.946667,1.280000,0.080000
6588,Evan Fournier,DET/NY,SG,2023-24,32,584.000000,13.561644,3.575342,2.958904,1.787671,0.431507,8.013699
6589,Draymond Green,GS,PF,2023-24,55,1493.000000,11.453449,9.596785,8.005358,1.326189,1.133289,3.110516
6606,Damian Lillard,MIL,PG,2023-24,73,2579.000000,24.777045,4.466848,7.091121,1.005041,0.251260,8.682435
6609,Khris Middleton,MIL,SF,2023-24,55,1488.000000,20.032258,6.217742,7.064516,1.233871,0.362903,5.975806
2284101,Justin Holiday,DEN,SF,2023-24,56,862.000000,9.772622,2.965197,2.798144,1.503480,0.375870,5.679814
2326307,Seth Curry,CHA/DAL,SG,2023-24,42,615.000000,13.229268,3.980488,2.575610,1.287805,0.351220,6.321951
2451037,Daniel Theis,IND/LAC,C,2023-24,60,1016.000000,13.322835,8.645669,2.161417,0.744094,1.807087,2.515748
2488653,Mason Plumlee,LAC,C,2023-24,46,673.000000,13.052006,12.517088,2.942051,0.748886,0.909361,0.320951
2489663,Kelly Olynyk,TOR/UTAH,PF,2023-24,78,1760.000000,15.586364,8.406818,7.097727,1.513636,0.613636,3.170455
2490089,Mike Muscala,DET/OKC/WSH,C,2023-24,51,597.000000,9.467337,7.537688,2.231156,0.542714,0.783920,5.788945
2490149,CJ McCollum,NO,SG,2023-24,66,2159.000000,22.043539,4.768874,5.085688,1.033812,0.683650,9.287633
2528210,Tim Hardaway Jr.,DAL,SF,2023-24,79,2122.000000,19.323280,4.309142,2.358153,0.712535,0.101791,10.128181
2528426,Jordan Clarkson,UTAH,PG,2023-24,55,1684.000000,20.137767,4.019002,5.921615,0.748219,0.128266,6.605701
2528588,Doug McDermott,IND/SA,SF,2023-24,64,904.000000,13.977876,2.349558,2.787611,0.637168,0.079646,9.119469
2528693,Torrey Craig,CHI,SF,2023-24,53,1052.000000,10.368821,7.425856,1.984791,1.026616,0.718631,5.235741
2530530,T.J. McConnell,IND,PG,2023-24,71,1295.000000,20.210039,5.309653,10.841699,2.001544,0.222394,1.223166
2531367,Dwight Powell,DAL,C,2023-24,63,836.000000,8.956938,9.215311,3.617225,1.119617,0.861244,0.129187
2566769,Malcolm Brogdon,POR,PG,2023-24,39,1122.000000,19.668449,4.748663,6.866310,0.866310,0.256684,6.385027
2578185,Dorian Finney-Smith,BKN,PF,2023-24,68,1933.000000,10.801862,5.903777,1.992757,1.042938,0.707708,6.257631
2578239,Pat Connaughton,MIL,SG,2023-24,76,1672.000000,9.215311,5.145933,3.466507,0.861244,0.409091,5.124402
2580365,Larry Nance Jr.,NO,PF,2023-24,61,1216.000000,10.361842,9.088816,3.345395,1.805921,0.562500,1.924342
2580782,Spencer Dinwiddie,BKN/LAL,PG,2023-24,76,2152.000000,13.299257,3.429368,5.955390,0.853160,0.368030,6.156134
2581018,Kentavious Caldwell-Pope,DEN,SG,2023-24,76,2404.000000,11.470882,2.740433,2.740433,1.467554,0.628952,4.612313
2581190,Josh Richardson,MIA,SG,2023-24,43,1104.000000,13.858696,3.945652,3.423913,0.782609,0.456522,6.195652
2583632,Royce O'Neale,BKN/PHX,PF,2023-24,79,1952.000000,11.213115,6.952869,4.038934,1.088115,0.811475,7.782787
2595516,Norman Powell,LAC,G,2023-24,76,1990.000000,19.103518,3.527638,1.483417,0.777889,0.397990,6.946734
2960236,Maxi Kleber,DAL,PF,2023-24,43,870.000000,7.903448,5.917241,2.813793,0.703448,1.241379,3.806897
2968436,Joe Ingles,ORL,SG,2023-24,68,1166.000000,9.138937,4.384220,6.267581,1.327616,0.154374,4.970840
2990962,Taurean Prince,LAL,PF,2023-24,78,2108.000000,11.903226,3.927894,2.032258,0.990512,0.597723,6.079696
2990969,Georges Niang,CLE,SF,2023-24,82,1831.000000,15.099945,5.465866,1.926816,0.589842,0.353905,7.785909
2990984,Buddy Hield,IND/PHI,SG,2023-24,84,2159.000000,16.891153,4.485410,3.935155,1.167207,0.700324,9.471051
2990992,Marcus Smart,MEM,PG,2023-24,20,603.000000,17.253731,3.164179,5.134328,2.447761,0.298507,8.000000
2991043,Caris LeVert,CLE,SG,2023-24,68,1957.000000,17.512519,5.150741,6.364844,1.398058,0.625447,6.107307
2991070,Jerami Grant,POR,SF,2023-24,54,1832.000000,22.244541,3.753275,2.986900,0.884279,0.668122,5.423581
2991139,Kris Dunn,UTAH,G,2023-24,65,1251.000000,10.273381,5.438849,7.309353,1.956835,0.805755,3.194245
2991155,Danuel House Jr.,PHI,SF,2023-24,34,507.000000,10.224852,4.118343,1.988166,1.065089,0.355030,3.550296
2991230,Fred VanVleet,HOU,PG,2023-24,73,2686.000000,17.021593,3.725987,7.894267,1.353686,0.790767,7.854058
2991350,Alex Caruso,CHI,SG,2023-24,71,2040.000000,12.617647,4.817647,4.358824,2.117647,1.235294,5.876471
2993370,Richaun Holmes,DAL/WSH,F,2023-24,40,555.000000,12.908108,11.805405,1.621622,0.713514,1.232432,0.194595
2993874,Kyle Anderson,MIN,SF,2023-24,79,1779.000000,10.239460,5.524452,6.698145,1.436762,0.951096,0.971332
2999547,Gary Harris,ORL,SG,2023-24,54,1298.000000,10.317411,2.523883,2.412943,1.359014,0.388290,5.685670
3032976,Rudy Gobert,MIN,C,2023-24,76,2588.000000,14.758887,13.659969,1.418856,0.723338,2.253478,0.041731
3032977,Giannis Antetokounmpo,MIL,PF,2023-24,73,2573.000000,31.089001,11.766809,6.659930,1.217256,1.105325,1.734940
3032978,Dario Saric,GS,PF,2023-24,64,1098.000000,16.885246,9.278689,4.721311,1.016393,0.327869,6.459016
3032979,Dennis Schroder,BKN/TOR,PG,2023-24,80,2489.000000,16.228204,3.500201,7.058256,0.911209,0.245882,5.322620
3037789,Bogdan Bogdanovic,ATL,SG,2023-24,79,2402.000000,19.978351,4.076603,3.701915,1.438801,0.389675,9.606994
3058254,Christian Wood,LAL,F,2023-24,50,873.000000,14.309278,10.474227,2.020619,0.659794,1.360825,4.701031
3059318,Joel Embiid,PHI,C,2023-24,39,1310.000000,37.181679,11.816794,6.018321,1.264122,1.813740,3.819847
3059319,Andrew Wiggins,GS,SF,2023-24,71,1922.000000,17.587929,6.012487,2.228928,0.786681,0.767950,4.757544
3062679,Josh Hart,NY,SG,2023-24,81,2706.000000,10.124169,8.980044,4.403548,0.997783,0.305987,3.432373
3064230,Cameron Payne,MIL/PHI,PG,2023-24,78,1305.000000,15.944828,3.227586,5.655172,1.158621,0.303448,7.365517
3064290,Aaron Gordon,DEN,PF,2023-24,73,2296.000000,15.883275,7.385017,4.060976,0.878049,0.705575,2.163763
3064440,Zach LaVine,CHI,SG,2023-24,25,872.000000,20.105505,5.325688,4.045872,0.866972,0.330275,6.977064
3064447,Delon Wright,MIA/WSH,SG,2023-24,47,741.000000,10.202429,4.178138,5.781377,2.623482,0.534413,3.303644
3064482,Bobby Portis,MIL,F,2023-24,82,2012.000000,20.218688,10.860835,1.860835,1.216700,0.608350,4.401590
3064514,Julius Randle,NY,PF,2023-24,46,1628.000000,24.368550,9.353808,5.063882,0.552826,0.265356,5.395577
3064560,Luke Kornet,BOS,C,2023-24,63,987.000000,12.182371,9.519757,2.443769,0.838906,2.224924,0.036474
3074213,Omer Yurtseven,UTAH,C,2023-24,47,546.000000,14.637363,13.714286,1.912088,0.527473,1.186813,1.582418
3074752,Terry Rozier,CHA/MIA,SG,2023-24,61,2041.000000,21.254287,4.356688,6.032337,1.111220,0.370407,7.231749
3078576,Derrick White,BOS,PG,2023-24,73,2380.000000,16.744538,4.689076,5.702521,1.119328,1.315966,7.487395
3102528,Dante Exum,DAL,G,2023-24,55,1090.000000,14.135780,4.921101,5.185321,0.726606,0.165138,3.566972
3102529,Clint Capela,ATL,C,2023-24,73,1882.000000,15.991498,14.843783,1.740701,0.822529,2.027630,0.019129
3102530,Jusuf Nurkic,PHX,C,2023-24,76,2078.000000,14.361886,14.500481,5.214629,1.403272,1.385948,1.559192
3102531,Kristaps Porzingis,BOS,C,2023-24,57,1689.000000,24.404973,8.717584,2.451155,0.895204,2.365897,6.245115
3102532,Vasilije Micic,CHA/OKC,G,2023-24,60,1176.000000,12.918367,2.693878,8.020408,0.948980,0.214286,4.714286
3112335,Nikola Jokic,DEN,C,2023-24,79,2737.000000,27.424187,12.837413,9.312386,1.420533,0.894410,3.038363
3133603,Kelly Oubre Jr.,PHI,SG,2023-24,68,2059.000000,18.340942,5.962118,1.765906,1.346285,0.821758,5.682370
3133626,Kenrich Williams,OKC,SF,2023-24,69,1029.000000,11.370262,7.311953,3.253644,1.329446,0.314869,4.932945
3133628,Myles Turner,IND,C,2023-24,77,2079.000000,22.735931,9.229437,1.731602,0.675325,2.493506,5.610390
3133635,Jevon Carter,CHI,PG,2023-24,72,1002.000000,12.826347,2.155689,3.377246,1.329341,0.574850,8.407186
3134903,Gary Payton II,GS,SG,2023-24,44,685.000000,12.613139,5.938686,2.522628,2.049635,0.945985,2.890511
3134907,Kyle Kuzma,WSH,SF,2023-24,70,2281.000000,24.510302,7.323104,4.671635,0.583954,0.773345,7.102148
3134908,Jakob Poeltl,TOR,C,2023-24,50,1321.000000,15.124905,11.691143,3.461014,0.953823,2.071158,0.000000
3134916,Jordan McLaughlin,MIN,PG,2023-24,56,626.000000,11.214058,4.140575,6.325879,2.012780,0.402556,5.118211
3134932,John Konchar,MEM,SG,2023-24,54,1175.000000,7.200000,7.874043,3.370213,1.562553,1.562553,3.676596
3135045,Grayson Allen,PHX,SG,2023-24,75,2513.000000,14.526064,4.226025,3.251890,0.988460,0.644648,6.374851
3135046,Tyus Jones,WSH,PG,2023-24,66,1933.000000,14.712882,3.333678,9.032592,1.322297,0.335230,4.749095
3136193,Devin Booker,PHX,SG,2023-24,68,2445.000000,27.106748,4.534969,6.949693,0.898160,0.412270,6.154601
3136195,Karl-Anthony Towns,MIN,C,2023-24,62,2025.000000,23.982222,9.155556,3.360000,0.764444,0.728889,5.813333
3136196,Trey Lyles,SAC,PF,2023-24,58,1158.000000,13.025907,7.989637,2.238342,0.528497,0.590674,6.808290
3136776,D'Angelo Russell,LAL,G,2023-24,76,2486.000000,19.824618,3.417538,6.979887,0.999195,0.521319,7.892196
3136777,Jae'Sean Tate,HOU,SF,2023-24,65,1034.000000,9.226306,6.858801,2.228240,1.462282,0.522244,2.680851
3136779,Keita Bates-Diop,BKN/PHX,SF,2023-24,53,670.000000,10.585075,5.910448,2.041791,1.289552,1.182090,3.707463
3138160,Caleb Martin,MIA,SF,2023-24,64,1758.000000,13.105802,5.754266,2.928328,0.962457,0.593857,4.750853
3138161,Cody Martin,CHA,SF,2023-24,28,754.000000,10.074271,5.204244,4.965517,1.527851,0.859416,4.106101
3138196,Cameron Johnson,BKN,SF,2023-24,58,1600.000000,17.460000,5.647500,3.105000,1.102500,0.337500,7.942500
3146557,Jock Landale,HOU,C,2023-24,56,763.000000,12.927916,8.115334,3.066841,0.943644,1.557012,1.887287
3147657,Mikal Bridges,BKN,SF,2023-24,82,2855.000000,20.250788,4.690718,3.770228,1.021366,0.378284,7.464799
3149673,Pascal Siakam,IND/TOR,PF,2023-24,80,2660.000000,23.508271,7.646617,4.628571,0.852632,0.338346,3.329323
3150844,Moritz Wagner,ORL,C,2023-24,80,1413.000000,22.114650,8.840764,2.445860,0.993631,0.535032,2.929936
3155526,Dillon Brooks,HOU,SF,2023-24,72,2227.000000,14.791199,3.976650,1.923664,1.034576,0.161652,5.981141
3155535,Kevon Looney,GS,F,2023-24,74,1194.000000,10.070352,12.633166,4.010050,0.844221,0.874372,0.030151
3155942,Domantas Sabonis,SAC,PF,2023-24,82,2931.000000,19.566018,13.756397,8.266121,0.908905,0.589560,1.068577
3157465,Duncan Robinson,MIA,F,2023-24,68,1904.000000,16.544118,3.271008,3.630252,0.869748,0.302521,8.943277
3893014,Sasha Vezenkov,SAC,F,2023-24,42,511.000000,15.851272,6.763209,1.338552,1.409002,0.493151,8.454012
3893016,Cedi Osman,SA,SF,2023-24,72,1270.000000,13.861417,5.102362,3.373228,1.020472,0.311811,6.264567
3899664,Simone Fontecchio,DET/UTAH,F,2023-24,66,1643.000000,15.162508,5.390140,2.213025,0.964090,0.503956,7.318320
3907497,Dejounte Murray,ATL,SG,2023-24,78,2782.000000,22.684400,5.383178,6.496046,1.436377,0.310568,7.168943
3907498,Matisse Thybulle,POR,SG,2023-24,65,1488.000000,8.564516,3.290323,2.177419,2.733871,1.185484,5.588710
3907822,Malik Beasley,MIL,SG,2023-24,79,2338.000000,13.688623,4.465355,1.662960,0.908469,0.138580,8.345595
3907823,Terance Mann,LAC,SG,2023-24,75,1876.000000,12.626866,4.874200,2.283582,0.825160,0.287846,3.914712
3908809,Donovan Mitchell,CLE,SG,2023-24,55,1944.000000,27.092593,5.185185,6.166667,1.870370,0.555556,9.148148
3908845,John Collins,UTAH,PF,2023-24,68,1899.000000,19.469194,10.900474,1.459716,0.758294,1.156398,4.398104
3912848,Dean Wade,CLE,PF,2023-24,54,1113.000000,9.412399,7.051213,1.390836,1.293801,0.808625,6.533693
3913174,Luke Kennard,MEM,SG,2023-24,39,1000.000000,15.444000,4.068000,4.896000,0.720000,0.072000,8.568000
3913176,Brandon Ingram,NO,SF,2023-24,64,2105.000000,22.780048,5.541093,6.208076,0.855107,0.684086,4.138717
3913180,Garrison Mathews,ATL,SG,2023-24,66,990.000000,11.818182,3.345455,1.345455,0.727273,0.290909,7.018182
3914044,Landry Shamet,WSH,SG,2023-24,46,727.000000,16.192572,3.070151,2.674003,1.237964,0.495186,7.774415
3914283,Chimezie Metu,DET/PHX,PF,2023-24,51,859.000000,13.913853,8.130384,1.927823,1.844005,0.670547,3.939464
3914285,Drew Eubanks,PHX,PF,2023-24,75,1165.000000,11.711588,9.950215,1.946781,0.834335,1.884979,0.092704
3915195,Shake Milton,DET/MIN/NY,SG,2023-24,48,582.000000,13.360825,4.639175,3.711340,1.175258,0.371134,3.958763
3917376,Jaylen Brown,BOS,SG,2023-24,70,2342.000000,24.748079,5.948762,3.827498,1.275833,0.568745,6.302306
3922230,Aaron Holiday,HOU,G,2023-24,78,1269.000000,14.581560,3.489362,3.971631,1.191489,0.170213,6.156028
3934672,Jalen Brunson,NY,PG,2023-24,77,2729.000000,29.179919,3.667277,6.846464,0.923415,0.171491,6.938805
3934673,Donte DiVincenzo,NY,SG,2023-24,81,2363.000000,19.180702,4.524757,3.290732,1.630131,0.548455,10.740584
3934719,OG Anunoby,NY/TOR,SF,2023-24,50,1705.000000,15.476833,4.391789,2.259238,1.435777,0.760117,5.637537
3936099,Derrick Jones Jr.,DAL,SF,2023-24,76,1780.000000,13.287640,5.056180,1.516854,1.071910,1.031461,4.833708
3936299,Jamal Murray,DEN,PG,2023-24,59,1862.000000,24.167562,4.678840,7.424275,1.102041,0.754028,6.592911
3945274,Luka Doncic,DAL,PG,2023-24,70,2624.000000,32.515244,8.876524,9.411585,1.358232,0.521341,10.207317
3948153,Chris Boucher,TOR,PF,2023-24,50,705.000000,16.442553,10.570213,1.174468,0.714894,1.225532,4.800000
4017837,Ivica Zubac,LAC,C,2023-24,68,1794.000000,15.933110,12.561873,1.866221,0.441472,1.665552,0.000000
4065648,Jayson Tatum,BOS,SF,2023-24,74,2648.000000,27.013595,8.170695,4.948640,1.019637,0.584592,8.279456
4065654,Jonathan Isaac,ORL,PF,2023-24,58,915.000000,15.462295,10.229508,1.180328,1.691803,2.754098,4.406557
4065663,Josh Okogie,PHX,SF,2023-24,60,964.000000,10.344398,5.751037,2.390041,1.792531,0.896266,3.510373
4065670,Bruce Brown,IND/TOR,SF,2023-24,67,1866.000000,14.006431,5.479100,3.704180,1.138264,0.327974,3.163987
4065697,Dennis Smith Jr.,BKN,PG,2023-24,56,1059.000000,12.543909,5.575071,6.900850,2.311615,0.407932,3.705382
4065732,De'Andre Hunter,ATL,SF,2023-24,57,1682.000000,19.070155,4.751486,1.862069,0.856124,0.342449,6.506540
4065778,Max Strus,CLE,SG,2023-24,70,2241.000000,13.702811,5.429719,4.546185,1.028112,0.465863,7.694779
4065804,Sam Hauser,BOS,SF,2023-24,79,1743.000000,14.705680,5.700516,1.693632,0.826162,0.516351,9.604131
4066218,Grant Williams,CHA/DAL,PF,2023-24,76,2126.000000,13.275635,5.384760,2.946378,0.745061,0.660395,5.689558
4066259,De'Aaron Fox,SAC,PG,2023-24,74,2659.000000,26.617525,4.603234,5.659270,2.030839,0.419707,7.852576
4066261,Bam Adebayo,MIA,C,2023-24,71,2415.000000,20.377640,10.986335,4.144099,1.207453,0.983851,0.626087
4066262,Malik Monk,SAC,SG,2023-24,72,1874.000000,21.323372,4.072572,7.107791,0.864461,0.749200,8.125934
4066268,Duop Reath,POR,C,2023-24,68,1217.000000,18.251438,7.395234,1.981923,0.976171,1.124076,7.247329
4066320,Desmond Bane,MEM,SG,2023-24,42,1443.000000,24.873181,4.615385,5.738046,1.072765,0.548857,8.981289
4066328,Jarrett Allen,CLE,C,2023-24,77,2441.000000,18.744777,11.960672,3.097091,0.781647,1.194592,0.088488
4066336,Lauri Markkanen,UTAH,PF,2023-24,55,1823.000000,25.237521,8.866703,2.172244,0.987383,0.513439,8.669227
4066354,Payton Pritchard,BOS,PG,2023-24,82,1823.000000,15.541415,5.233132,5.549095,0.770159,0.118486,7.543609
4066372,Kevin Huerter,SAC,SG,2023-24,64,1565.000000,15.067093,5.152716,3.818530,1.035144,0.529073,7.844089
4066383,Miles Bridges,CHA,SF,2023-24,69,2586.000000,20.171694,7.030162,3.215777,0.904872,0.459397,6.264501
4066387,Amir Coffey,LAC,SG,2023-24,70,1458.000000,11.432099,3.654321,1.876543,1.012346,0.345679,4.543210
4066405,Lamar Stevens,BOS/MEM,F,2023-24,37,560.000000,17.485714,8.164286,1.800000,1.478571,1.350000,2.957143
4066436,De'Anthony Melton,PHI,SG,2023-24,38,1022.000000,14.829746,4.966732,4.015656,2.113503,0.563601,7.538160
4066457,Austin Reaves,LAL,SG,2023-24,82,2624.000000,17.835366,4.829268,6.173780,0.905488,0.342988,5.762195
4066636,Markelle Fultz,ORL,PG,2023-24,43,910.000000,13.252747,5.459341,4.747253,1.661538,0.593407,0.712088
4066648,Rui Hachimura,LAL,PF,2023-24,68,1825.000000,18.207123,5.799452,1.597808,0.808767,0.493151,4.576438
4066650,Zach Collins,SA,PF,2023-24,69,1529.000000,18.270765,8.711576,4.567691,0.800523,1.224330,4.261609
4066668,Malachi Flynn,DET/NY/TOR,PG,2023-24,68,876.000000,15.616438,4.684932,5.342466,1.561644,0.328767,6.945205
4066731,Jalen McDaniels,TOR,F,2023-24,50,538.000000,11.308550,5.286245,2.475836,1.271375,0.401487,4.750929
4066757,Sam Merrill,CLE,SG,2023-24,61,1070.000000,16.317757,4.037383,3.633645,0.639252,0.134579,11.910280
4222252,Isaiah Hartenstein,NY,C,2023-24,75,1898.000000,11.038988,11.873551,3.565859,1.650158,1.612223,0.056902
4277811,Collin Sexton,UTAH,PG,2023-24,78,2074.000000,25.307618,3.558341,6.648023,1.076181,0.312440,5.641273
4277813,Herbert Jones,NO,SF,2023-24,76,2321.000000,12.982335,4.218871,3.086601,1.628608,0.961654,4.234382
4277843,Gary Trent Jr.,TOR,SG,2023-24,71,1994.000000,17.584754,3.394183,2.148445,1.390171,0.180542,8.178536
4277847,Wendell Carter Jr.,ORL,C,2023-24,55,1405.000000,15.450534,9.762278,2.434164,0.896797,0.717438,4.381495
4277848,Marvin Bagley III,DET/WSH,PF,2023-24,50,1051.000000,19.969553,10.686965,1.883920,0.685062,1.130352,0.787821
4277869,Jose Alvarado,NO,PG,2023-24,56,1029.000000,13.889213,4.478134,4.093294,2.064140,0.524781,7.241983
4277883,Jordan Nwora,IND/TOR,SF,2023-24,52,710.000000,18.456338,7.554930,3.143662,1.318310,0.659155,6.642254
4277890,Lonnie Walker IV,BKN,G,2023-24,58,1015.000000,20.039409,4.504433,2.624631,1.134975,0.709360,9.611823
4277905,Trae Young,ATL,PG,2023-24,54,1938.000000,25.801858,2.767802,10.829721,1.337461,0.204334,8.712074
4277919,Mo Bamba,PHI,C,2023-24,57,739.000000,12.324763,11.594046,1.997294,1.071719,2.922869,3.117727
4277922,Jericho Sims,NY,C,2023-24,45,588.000000,5.632653,9.000000,1.530612,0.489796,1.163265,0.000000
4277952,Bruno Fernando,ATL,F,2023-24,45,683.000000,14.863836,10.172767,2.424597,1.317716,1.475842,0.210835
4277956,Jordan Poole,WSH,SG,2023-24,78,2346.000000,20.808184,3.253197,5.263427,1.319693,0.383632,8.654731
4277961,Jaren Jackson Jr.,MEM,PF,2023-24,66,2124.000000,25.186441,6.186441,2.610169,1.355932,1.796610,6.203390
4277964,Xavier Tillman,BOS/MEM,F,2023-24,53,977.000000,10.464688,7.774821,2.837257,1.879222,1.621290,2.984647
4278031,Oshae Brissett,BOS,SF,2023-24,54,630.000000,11.485714,9.142857,2.514286,1.085714,0.457143,3.142857
4278039,Nickeil Alexander-Walker,MIN,SG,2023-24,82,1925.000000,12.249351,3.123117,3.815065,1.196883,0.785455,6.264935
4278049,Daniel Gafford,DAL/WSH,C,2023-24,74,1812.000000,16.172185,11.165563,2.284768,1.291391,3.039735,0.000000
4278053,Davion Mitchell,SAC,PG,2023-24,72,1100.000000,12.403636,3.109091,4.385455,0.556364,0.098182,5.170909
4278067,Nic Claxton,BKN,C,2023-24,71,2115.000000,14.314894,12.017021,2.502128,0.782979,2.485106,0.085106
4278073,Shai Gilgeous-Alexander,OKC,PG,2023-24,75,2554.000000,31.771339,5.849648,6.554424,2.114330,0.944401,3.791699
4278075,Kevin Knox II,DET,F,2023-24,31,561.000000,14.310160,4.812834,1.475936,0.834225,0.449198,6.032086
4278076,Nick Richards,CHA,C,2023-24,67,1759.000000,13.343945,11.031268,1.105173,0.532121,1.514497,0.020466
4278077,Jarred Vanderbilt,LAL,PF,2023-24,29,583.000000,9.262436,8.521441,2.222985,2.222985,0.308748,1.667238
4278078,P.J. Washington,CHA/DAL,PF,2023-24,73,2220.000000,15.227027,6.664865,2.286486,1.167568,0.956757,6.697297
4278104,Michael Porter Jr.,DEN,SF,2023-24,81,2567.000000,19.016751,7.923646,1.710947,0.589014,0.743280,7.769381
4278129,Deandre Ayton,POR,C,2023-24,55,1783.000000,18.575435,12.296130,1.817162,1.130679,0.848009,0.201907
4278355,Obi Toppin,IND,PF,2023-24,82,1730.000000,17.542197,6.658960,2.663584,0.978035,0.894798,5.264740
4278378,Jacob Gilyard,BKN/MEM,PG,2023-24,40,697.000000,8.935438,2.375897,7.076040,1.704448,0.258250,6.507891
4278402,Jordan Goodwin,MEM/PHX,G,2023-24,56,1059.000000,12.441926,8.600567,5.269122,1.631728,0.611898,4.793201
4278508,Troy Brown Jr.,DET/MIN,SF,2023-24,59,827.000000,10.752116,6.268440,2.611850,1.044740,0.130593,6.137848
4278562,Paul Reed,PHI,F,2023-24,82,1594.000000,13.550816,11.021330,2.461731,1.513174,1.897114,1.287327
4278594,Naji Marshall,NO,SF,2023-24,66,1258.000000,13.335453,6.868045,3.662957,1.402226,0.343402,4.292528
4280151,Corey Kispert,WSH,SF,2023-24,80,2068.000000,18.626692,3.916828,2.733075,0.731141,0.278530,8.355899
4291678,Haywood Highsmith,MIA,F,2023-24,66,1364.000000,10.689150,5.542522,1.847507,1.398827,0.791789,5.067449
4348700,Goga Bitadze,ORL,C,2023-24,61,958.000000,11.686848,10.747390,2.968685,1.202505,2.705637,0.526096
4351851,Anfernee Simons,POR,SG,2023-24,46,1583.000000,23.628553,3.797852,5.799116,0.523057,0.113708,9.210360
4351852,Mitchell Robinson,NY,C,2023-24,31,766.000000,8.130548,12.360313,0.845953,1.738903,1.644909,0.000000
4395623,Trey Jemison III,MEM/WSH,C,2023-24,25,572.000000,10.762238,8.433566,1.699301,0.755245,1.762238,0.000000
4395625,RJ Barrett,NY/TOR,SG,2023-24,58,1838.000000,22.916213,6.169750,3.780196,0.607182,0.430903,4.896627
4395626,Tre Jones,SA,PG,2023-24,77,2136.000000,12.994382,4.870787,8.056180,1.314607,0.151685,3.219101
4395627,Cam Reddish,LAL,SF,2023-24,48,984.000000,9.512195,3.621951,1.756098,1.719512,0.512195,4.024390
4395628,Zion Williamson,NO,PF,2023-24,70,2210.000000,26.079638,6.613575,5.733937,1.238009,0.765611,0.293213
4395630,Devin Vassell,SA,SG,2023-24,68,2247.000000,21.196262,4.181575,4.437917,1.169559,0.368491,7.145527
4395651,Coby White,CHI,PG,2023-24,79,2881.000000,18.855953,4.473447,5.060743,0.662270,0.224922,6.947588
4395695,Jared Butler,WSH,SG,2023-24,40,564.000000,16.021277,3.702128,8.042553,1.851064,0.510638,4.978723
4395702,Isaiah Joe,OKC,SG,2023-24,78,1444.000000,15.855956,4.487535,2.468144,1.146814,0.548476,8.800554
4395712,Andrew Nembhard,IND,PG,2023-24,67,1695.000000,13.295575,2.994690,5.946903,1.338053,0.127434,3.631858
4395723,Keldon Johnson,SA,SF,2023-24,69,2039.000000,19.138794,6.656204,3.442864,0.900441,0.353114,6.479647
4395724,Immanuel Quickley,NY/TOR,SG,2023-24,68,1987.000000,20.944137,4.692501,5.996980,0.905888,0.181178,7.844992
4395725,Tyler Herro,MIA,PG,2023-24,42,1408.000000,22.372159,5.676136,4.806818,0.767045,0.076705,8.514205
4396907,Darius Garland,CLE,PG,2023-24,57,1900.000000,19.477895,2.880000,7.067368,1.402105,0.132632,6.745263
4396909,Aaron Nesmith,IND,SF,2023-24,72,1993.000000,15.841445,4.967386,1.950828,1.174109,0.885098,6.033116
4396971,Naz Reid,MIN,C,2023-24,81,1965.000000,19.969466,7.749618,1.941985,1.154198,1.337405,7.474809
4396991,Talen Horton-Tucker,UTAH,SF,2023-24,51,1006.000000,18.465209,4.330020,6.333996,1.610338,0.679920,6.512922
4396993,Tyrese Haliburton,IND,PG,2023-24,69,2226.000000,22.463612,4.382749,12.161725,1.342318,0.776280,8.652291
4397002,Ayo Dosunmu,CHI,SG,2023-24,76,2216.000000,15.010830,3.509025,3.931408,1.104693,0.584838,4.792419
4397014,Quentin Grimes,DET/NY,SG,2023-24,51,1025.000000,12.608780,3.512195,2.318049,1.229268,0.245854,8.429268
4397018,Ochai Agbaji,TOR/UTAH,G,2023-24,78,1639.000000,9.993899,4.744356,1.823063,1.032337,0.966443,4.634533
4397020,Luguentz Dort,OKC,G,2023-24,79,2247.000000,13.778371,4.550067,1.810414,1.137517,0.753004,6.344459
4397077,Jaxson Hayes,LAL,C,2023-24,70,881.000000,12.381385,8.622020,1.348468,1.389330,1.185017,0.326901
4397136,Saddiq Bey,ATL,SF,2023-24,63,2060.000000,15.081553,7.182524,1.607767,0.891262,0.192233,6.256311
4397183,Aaron Wiggins,OKC,SG,2023-24,78,1225.000000,15.928163,5.466122,2.527347,1.645714,0.558367,3.702857
4397189,Jalen Smith,IND,PF,2023-24,61,1045.000000,20.704306,11.609569,2.170335,0.585646,1.309091,4.960766
4397227,Vince Williams Jr.,MEM,G,2023-24,52,1443.000000,12.997921,7.234927,4.365904,1.172557,0.848233,5.214137
4397475,AJ Green,MIL,G,2023-24,54,614.000000,14.775244,3.752443,1.758958,0.527687,0.234528,9.908795
4397688,Trey Murphy III,NO,SG,2023-24,57,1692.000000,17.914894,5.957447,2.638298,1.085106,0.595745,9.468085
4397885,Dalano Banton,BOS/POR,G,2023-24,53,1047.000000,19.151862,6.120344,4.366762,1.134670,0.687679,6.842407
4431671,Jaden McDaniels,MIN,PF,2023-24,72,2105.000000,12.946318,3.830879,1.727316,1.077435,0.718290,4.361045
4431675,Trendon Watford,BKN,PF,2023-24,62,856.000000,18.168224,8.158879,3.406542,0.967290,0.799065,2.859813
4431678,Tyrese Maxey,PHI,PG,2023-24,70,2624.000000,24.914634,3.539634,5.940549,0.946646,0.452744,7.806402
4431679,Precious Achiuwa,NY/TOR,PF,2023-24,74,1624.000000,12.524631,10.795567,2.150246,1.019704,1.507389,2.150246
4431680,Onyeka Okongwu,ATL,PF,2023-24,55,1405.000000,14.374377,9.634164,1.896085,0.666192,1.537367,1.767972
4431684,Trayce Jackson-Davis,GS,F,2023-24,66,1135.000000,17.127753,10.815859,2.600881,0.919824,2.410573,0.031718
4431687,Patrick Williams,CHI,PF,2023-24,43,1174.000000,13.155026,5.090290,2.023850,1.226576,1.011925,4.538330
4431690,Zeke Nnaji,DEN,PF,2023-24,58,576.000000,11.625000,7.812500,2.000000,0.937500,2.375000,1.437500
4431714,Jalen Wilson,BKN,F,2023-24,42,665.000000,11.584962,7.091729,2.436090,0.595489,0.216541,4.006015
4431736,Toumani Camara,POR,F,2023-24,70,1741.000000,10.897186,7.092476,1.798966,1.364733,0.682366,3.556577
4431767,Christian Braun,DEN,G,2023-24,82,1656.000000,13.043478,6.652174,2.869565,0.913043,0.760870,3.565217
4431785,Scotty Pippen Jr.,MEM,G,2023-24,21,526.000000,18.547529,4.585551,6.707224,2.463878,0.684411,4.927757
4431823,Miles McBride,NY,PG,2023-24,68,1328.000000,15.234940,2.710843,3.090361,1.355422,0.189759,7.210843
4431828,KJ Martin,LAC/PHI,F,2023-24,60,746.000000,10.809651,6.321716,2.461126,1.061662,0.579088,1.351206
4432107,Marcus Sasser,DET,G,2023-24,71,1351.000000,15.615100,3.330866,6.288675,1.172465,0.319763,6.395263
4432158,Evan Mobley,CLE,PF,2023-24,50,1531.000000,18.458524,11.004572,3.762247,1.058132,1.693011,1.387329
4432164,Jaden Springer,BOS/PHI,G,2023-24,47,508.000000,11.551181,5.527559,3.118110,2.551181,1.062992,3.401575
4432165,Jalen Suggs,ORL,SG,2023-24,75,2026.000000,16.756170,4.069102,3.642646,1.883514,0.835143,6.841066
4432166,Cade Cunningham,DET,PG,2023-24,62,2075.000000,24.375904,4.649639,8.050120,0.971566,0.381687,5.812048
4432170,Isaiah Jackson,IND,SF,2023-24,58,769.000000,17.929779,11.141743,2.340702,1.591678,2.855657,0.187256
4432171,Moses Moody,GS,SG,2023-24,66,1161.000000,16.527132,6.077519,1.767442,1.302326,0.744186,6.201550
4432174,Cam Thomas,BKN,SG,2023-24,66,2071.000000,25.761468,3.719942,3.337518,0.782231,0.278127,6.883631
4432179,MarJon Beauchamp,MIL,F,2023-24,47,607.000000,12.514003,5.812191,1.838550,0.771005,0.415157,4.448105
4432181,Julian Strawther,DEN,G,2023-24,50,548.000000,14.912409,4.007299,3.087591,1.116788,0.459854,9.065693
4432190,Andre Jackson Jr.,MIL,G,2023-24,56,576.000000,7.812500,7.062500,3.125000,1.000000,0.375000,2.875000
4432194,Day'Ron Sharpe,BKN,C,2023-24,61,923.000000,16.186349,15.172264,3.315276,0.936078,1.716143,0.585049
4432356,Johnny Davis,WSH,G,2023-24,50,615.000000,8.897561,4.214634,1.873171,1.053659,0.585366,2.341463
4432446,Jabari Walker,POR,F,2023-24,72,1698.000000,13.526502,10.770318,1.505300,0.890459,0.466431,2.946996
4432573,Paolo Banchero,ORL,PF,2023-24,80,2798.000000,23.210865,7.127949,5.545390,0.913510,0.604718,4.516083
4432582,Max Christie,LAL,G,2023-24,66,943.000000,10.841994,5.420997,2.290562,0.763521,0.648993,4.504772
4432639,Jabari Smith Jr.,HOU,PF,2023-24,76,2422.000000,15.517754,9.156069,1.798514,0.772915,0.906689,5.648225
4432808,James Wiseman,DET,C,2023-24,63,1089.000000,14.743802,11.107438,1.785124,0.396694,1.289256,0.066116
4432809,Cole Anthony,ORL,PG,2023-24,81,1818.000000,18.554455,6.158416,4.673267,1.267327,0.732673,5.445545
4432810,Isaiah Stewart,DET,C,2023-24,46,1424.000000,12.716292,7.710674,1.845506,0.429775,0.960674,4.424157
4432811,Josh Green,DAL,SG,2023-24,57,1505.000000,11.218605,4.401329,3.109635,1.124252,0.215282,4.473090
4432816,LaMelo Ball,CHA,PG,2023-24,22,712.000000,26.595506,5.713483,8.898876,2.022472,0.202247,9.960674
4432819,Tre Mann,CHA/OKC,PG,2023-24,41,992.000000,13.862903,5.407258,5.987903,1.850806,0.108871,4.572581
4432822,Isaac Okoro,CLE,SF,2023-24,69,1891.000000,12.317292,3.921735,2.512956,1.085140,0.647277,4.093072
4432823,Jaylin Williams,OKC,F,2023-24,69,898.000000,11.064588,9.380846,4.409800,1.122494,1.082405,5.772829
4432848,Jaime Jaquez Jr.,MIA,G,2023-24,75,2111.000000,15.160587,4.860256,3.325438,1.313122,0.341071,3.444813
4433076,Ben Sheppard,IND,G,2023-24,56,815.000000,11.131288,3.931288,2.341104,1.457669,0.088344,6.890798
4433134,Scottie Barnes,TOR,SF,2023-24,60,2096.000000,20.456107,8.484733,6.234733,1.288168,1.511450,5.083969
4433136,Walker Kessler,UTAH,C,2023-24,64,1488.000000,12.532258,11.637097,1.451613,0.725806,3.725806,0.459677
4433137,Ziaire Williams,MEM,F,2023-24,49,1039.000000,14.552454,6.236766,2.598653,1.247353,0.311838,6.548604
4433159,Dalen Terry,CHI,F,2023-24,59,678.000000,9.557522,6.000000,4.300885,1.433628,0.955752,3.929204
4433218,Jaden Ivey,DET,PG,2023-24,77,2221.000000,19.207564,4.279154,4.797839,0.923908,0.664566,5.981090
4433247,Jonathan Kuminga,GS,PF,2023-24,74,1951.000000,21.921066,6.550487,3.007688,1.014864,0.664275,3.044593
4433255,Chet Holmgren,OKC,PF,2023-24,82,2413.000000,20.245338,9.667634,2.983838,0.790717,2.834646,5.206797
4433287,Brandon Miller,CHA,F,2023-24,74,2383.000000,19.321863,4.758708,2.643726,0.997063,0.634494,7.447755
4433621,Jalen Duren,DET,C,2023-24,61,1775.000000,17.056901,14.379718,2.981408,0.669296,0.953239,0.081127
4433623,Caleb Houstan,ORL,G,2023-24,59,815.000000,11.175460,3.710429,1.280982,0.662577,0.176687,8.525153
4433627,Keyonte George,UTAH,G,2023-24,75,2025.000000,17.315556,3.751111,5.902222,0.640000,0.124444,7.822222
4437244,Jalen Green,HOU,SG,2023-24,82,2600.000000,22.292308,5.856923,4.029231,0.913846,0.387692,8.376923
4565201,Malaki Branham,SA,G,2023-24,75,1592.000000,15.603015,3.346734,3.527638,0.610553,0.180905,6.060302
4566434,Franz Wagner,ORL,SF,2023-24,72,2339.000000,21.870885,5.864044,4.140231,1.169731,0.430953,5.140658
4576086,Bryce McGowens,CHA,G,2023-24,59,882.000000,12.326531,4.163265,2.081633,0.857143,0.408163,4.163265
4576087,Peyton Watson,DEN,F,2023-24,80,1489.000000,12.862324,6.237743,2.079248,1.015447,2.127602,3.674950
4578893,Vit Krejci,ATL,G,2023-24,22,541.000000,8.983364,3.460259,3.327172,0.865065,0.399261,4.524954
4592402,Chris Duarte,SAC,SG,2023-24,58,721.000000,11.484050,5.292649,2.196949,1.398058,0.399445,6.341193
4592479,Julian Champagnie,SA,F,2023-24,74,1473.000000,12.317719,5.034623,2.517312,1.173116,1.026477,6.769857
4592492,Bones Hyland,LAC,PG,2023-24,37,539.000000,17.098330,3.673469,6.211503,1.736549,0.267161,9.016698
4592691,Jake LaRavia,MEM,F,2023-24,35,809.000000,16.865266,5.695921,2.580964,1.290482,0.533993,6.941904
4593041,David Roddy,MEM/PHX,F,2023-24,64,1177.000000,12.999150,6.453696,2.446899,0.825828,0.336449,5.016143
4593125,Santi Aldama,MEM,PF,2023-24,61,1621.000000,14.524368,7.817397,3.064775,0.954966,1.199260,6.751388
4593803,Jalen Williams,OKC,F,2023-24,71,2226.000000,21.913747,4.560647,5.207547,1.293801,0.727763,3.897574
4594268,Anthony Edwards,MIN,SG,2023-24,79,2775.000000,26.581622,5.578378,5.254054,1.310270,0.544865,6.901622
4594326,Kris Murray,POR,F,2023-24,62,1347.000000,10.048998,5.986637,2.138085,1.416481,0.561247,4.890869
4594327,Keegan Murray,SAC,SF,2023-24,77,2591.000000,16.284060,5.835585,1.792358,1.097646,0.819761,7.099961
4610139,Jeremy Sochan,SA,F,2023-24,74,2192.000000,14.140511,7.817518,4.089416,1.018248,0.656934,3.728102
4683021,Deni Avdija,WSH,SF,2023-24,75,2259.000000,17.561753,8.605578,4.557769,0.940239,0.573705,3.745020
4683024,Killian Hayes,DET,G,2023-24,42,1008.000000,10.321429,4.250000,7.321429,1.285714,0.714286,2.642857
4683634,Bennedict Mathurin,IND,SG,2023-24,59,1537.000000,20.049447,5.480807,2.787248,0.819779,0.327912,5.012362
4683678,Scoot Henderson,POR,G,2023-24,62,1765.000000,17.704249,3.956941,6.853258,0.979037,0.265156,5.466289
4683686,Nick Smith Jr.,CHA,G,2023-24,51,725.000000,14.995862,3.575172,2.929655,0.496552,0.347586,7.249655
4683688,Dereck Lively II,DAL,C,2023-24,55,1294.000000,13.437403,10.516229,1.669243,1.001546,2.142195,0.055641
4683692,Cason Wallace,OKC,G,2023-24,82,1695.000000,11.915044,3.971681,2.548673,1.614159,0.785841,4.969912
4683750,Jordan Hawkins,NO,G,2023-24,66,1159.000000,16.276100,4.597066,2.174288,0.590164,0.217429,9.256255
4683935,Blake Wesley,SA,G,2023-24,61,879.000000,10.976109,3.849829,6.798635,1.187713,0.368601,2.252560
4684740,Amen Thompson,HOU,F,2023-24,62,1388.000000,15.354467,10.608069,4.227666,2.023055,0.985591,1.504323
4684742,Ausar Thompson,DET,F,2023-24,63,1585.000000,12.628391,9.130599,2.725552,1.544479,1.340063,2.566562
4684806,Taylor Hendricks,UTAH,F,2023-24,40,856.000000,12.280374,7.780374,1.345794,1.177570,1.261682,5.887850
4701230,Jalen Johnson,ATL,SF,2023-24,56,1889.000000,17.075701,9.300159,3.868714,1.276866,0.895712,3.811540
4701233,Craig Porter Jr.,CLE,G,2023-24,51,652.000000,15.736196,6.018405,6.515337,1.159509,0.828221,1.877301
4702177,Keon Ellis,SAC,G,2023-24,57,975.000000,11.446154,4.578462,3.138462,1.883077,1.070769,6.203077
4702233,JT Thor,CHA,F,2023-24,62,780.000000,9.184615,6.738462,1.338462,0.507692,1.200000,3.738462
4709138,Brandin Podziemski,GS,G,2023-24,73,1968.000000,12.475610,7.810976,4.993902,1.115854,0.256098,4.280488
4712849,Anthony Black,ORL,G,2023-24,67,1162.000000,9.790017,4.306368,2.819277,1.084337,0.650602,2.912220
4868423,Jaden Hardy,DAL,G,2023-24,73,991.000000,19.253280,4.795156,3.959637,0.799193,0.145308,8.137235
4869342,Dyson Daniels,NO,G,2023-24,61,1361.000000,9.363703,6.242469,4.337987,2.248347,0.661278,3.570904
4871144,Alperen Sengun,HOU,C,2023-24,63,2050.000000,23.373659,10.343415,5.479024,1.334634,0.807805,1.949268
4871145,Josh Giddey,OKC,SG,2023-24,80,2010.000000,17.659701,9.205970,6.913433,0.931343,0.788060,4.352239
4914336,Shaedon Sharpe,POR,SG,2023-24,32,1058.000000,17.353497,5.444234,3.198488,0.952741,0.408318,6.124764
4997528,Nikola Jovic,MIA,F,2023-24,46,896.000000,14.142857,7.714286,3.616071,1.004464,0.562500,6.549107
5099752,Rayan Rupert,POR,G,2023-24,39,635.000000,8.787402,5.215748,3.514961,0.680315,0.170079,4.422047
5104155,Bilal Coulibaly,WSH,SG,2023-24,63,1717.000000,11.154339,5.367501,2.306348,1.195108,1.006407,3.878858
5104157,Victor Wembanyama,SA,C,2023-24,71,2103.000000,26.054208,12.924394,4.690442,1.506419,4.348074,6.744650
5105550,GG Jackson,MEM,F,2023-24,48,1233.000000,20.408759,5.722628,1.722628,0.817518,0.700730,8.350365
5105592,Cam Whitmore,HOU,F,2023-24,47,881.000000,23.659478,7.355278,1.348468,1.225880,0.694665,8.989784
5105839,Brice Sensabaugh,UTAH,F,2023-24,32,584.000000,14.856164,6.287671,3.390411,0.801370,0.369863,7.089041
5106258,Gradey Dick,TOR,G,2023-24,60,1271.000000,14.445319,3.738788,1.926042,0.963021,0.056648,6.826121
